id,line,stop_name,borough,n_label,s_label,entries,exits,arrests,complaints,summons,latitude,longitude,pred_price
F12,Queens Blvd,5 Av/53 St,M,Queens,Downtown & Brooklyn,1.71540057484E11,1.83989511603E11,1811,3603,1056,40.760167,-73.975224,229.7236260322771
637,Lexington Av,Bleecker St,M,Uptown & The Bronx,Downtown,1.96565180833E11,1.53466659135E11,3444,5079,1046,40.725915,-73.994659,215.20943593671655
603,Pelham,Middletown Rd,Bx,Pelham Bay Park,Manhattan,1.6027568106E10,9.955781892E9,442,1094,842,40.843863,-73.836322,93.02191810191586
725,Flushing,Times Sq-42 St,M,Queens,34 St - Hudson Yards,4.94357936177E11,1.84005946083E11,11199,12406,14342,40.755477,-73.987691,226.52046944869585
606,Pelham,Zerega Av,Bx,Pelham Bay Park,Manhattan,9.471627557E9,5.313407168E9,649,1661,996,40.836488,-73.847036,93.02191810191586
H12,Rockaway,Beach 90 St,Q,Manhattan,Rockaway Park,9.282437234E9,1.0399036521E10,1223,1715,858,40.588034,-73.813641,122.66071774639377
R45,4th Av,Bay Ridge-95 St,Bk,Manhattan,,5.73184034882E11,3.2220541569E10,718,1908,380,40.616622,-74.030876,120.72768913877793
D40,Broadway - Brighton,Brighton Beach,Bk,Manhattan,Coney Island,1.3421971921E11,1.29853126782E11,2258,3553,1629,40.577621,-73.961376,103.95660130611257
R41,4th Av,59 St,Bk,Manhattan,Coney Island - Bay Ridge,8.2568001773E10,6.6395366214E10,2674,3121,2027,40.641362,-74.017881,125.24944774998923
N03,Sea Beach,Fort Hamilton Pkwy,Bk,Manhattan,Coney Island,2.2170524548E10,1.4520606962E10,306,751,360,40.631386,-74.005351,115.19775241414457
G22,Crosstown,Court Sq,Q,,Brooklyn,4.82716797127E11,3.5964369312E10,253,871,210,40.746554,-73.943832,130.91390958320588
G32,Crosstown,Myrtle-Willoughby Avs,Bk,Queens,Church Av,3.465443354E10,2.3964479413E10,2759,2986,4967,40.694568,-73.949046,100.27881051611604
A28,8th Av - Fulton St,34 St-Penn Station,M,Uptown - Queens,Downtown & Brooklyn,9.9819375916E10,1.70757933631E11,22090,12041,5343,40.752287,-73.993391,227.08866252776303
D18,6th Av - Culver,23 St,M,Uptown & Queens,Downtown & Brooklyn,4.317803557209E12,4.534623614847E12,2968,5979,2197,40.742878,-73.992821,228.14321968830302
R11,Astoria,Lexington Av/59 St,M,Queens,Downtown & Brooklyn,2.57105386954E11,2.08594554314E11,8669,9719,1692,40.76266,-73.967258,232.5182073787973
711,Flushing,69 St,Q,Flushing,Manhattan,6.5598906739E10,5.0763211111E10,1583,1704,2171,40.746325,-73.896403,99.53057728759364
A33,8th Av - Fulton St,Spring St,M,Uptown - Queens,Downtown & Brooklyn,4.66642894831E11,1.19900802984E11,740,2196,667,40.726227,-74.003739,275.6595756214152
A52,8th Av - Fulton St,Liberty Av,Bk,Manhattan,Euclid Av,1.8620626053E10,1.100283281E10,2081,2181,2418,40.674542,-73.896548,97.60116490196214
J28,Jamaica,Chauncey St,Bk,Jamaica,Manhattan,1.5507768821E10,7.016570014E9,3586,2896,1820,40.682893,-73.910456,98.45020255692272
L06,Canarsie,1 Av,M,8 Av,Brooklyn,8.2099544596E10,1.1128450234E11,2515,3658,1300,40.730953,-73.981628,224.631621513374
B18,West End,79 St,Bk,Manhattan,Coney Island,1.90148288238E11,2.4339887103E10,577,1101,788,40.613501,-74.00061,114.80319149475561
M12,Jamaica,Flushing Av,Bk,Jamaica - Middle Village,Manhattan,1.08155451023E11,3.6676972288E10,4652,5997,5711,40.70026,-73.941126,93.24311879742929
J20,Jamaica,Crescent St,Bk,Jamaica,Manhattan,3.6746702499E10,4.0823038206E10,1792,1846,1726,40.683194,-73.873785,101.065833790746
B17,West End,71 St,Bk,Manhattan,Coney Island,4.1217396623E10,2.6065825331E10,620,1256,1070,40.619589,-73.998864,114.80319149475561
G16,Queens Blvd,Northern Blvd,Q,Forest Hills,Manhattan,4.1966215371E10,4.1005757538E10,503,975,645,40.752885,-73.906006,100.78022095196074
G36,Crosstown,Fulton St,Bk,Queens,Church Av,2.0943674928E10,2.2054000795E10,892,1863,650,40.687119,-73.975375,172.80171195145013
631,Lexington Av,Grand Central-42 St,M,Uptown & The Bronx,Downtown & Brooklyn,1.45718172033E11,1.1424377247E11,5453,5531,1882,40.751776,-73.976848,230.27967125154035
J17,Jamaica,75 St-Elderts Ln,Q,Jamaica,Manhattan,3.1864562633E10,3.1061851564E10,707,1159,591,40.691324,-73.867139,95.26648038227391
A10,8th Av - Fulton St,163 St-Amsterdam Av,M,Uptown,Downtown & Brooklyn,3.0565394148E10,2.1479928379E10,3464,4959,3835,40.836013,-73.939892,90.1788985182244
111,Broadway - 7Av,181 St,M,Uptown & The Bronx,Downtown,6.6460409172E10,7.994316817E10,6696,6034,16243,40.849505,-73.933596,90.5772377483703
G26,Crosstown,Greenpoint Av,Bk,Queens,Church Av,2.2409658739E10,1.373368275E10,574,1513,809,40.731352,-73.954449,151.99105038630324
708,Flushing,90 St-Elmhurst Av,Q,Flushing,Manhattan,1.20504018879E11,6.486212585E10,4489,3794,13854,40.748408,-73.876613,99.83202051358192
115,Broadway - 7Av,137 St-City College,M,Uptown & The Bronx,Downtown,1.30214223682E12,1.820442516994E12,4841,5909,6662,40.822008,-73.953676,111.88569481220162
D31,Broadway - Brighton,Newkirk Plaza,Bk,Manhattan,Brighton Beach & Coney Island,8.5703744974E10,8.2242661424E10,925,2075,1031,40.635082,-73.962793,123.93450782572057
244,Nostrand,Church Av,Bk,Manhattan,Flatbush,1.62981758779E11,5.5681914258E10,3671,4185,5074,40.650843,-73.949575,103.39299882944557
R26,Broadway,Rector St,M,Uptown & Queens,Downtown & Brooklyn,4.881906061E10,3.0005763008E10,896,2641,843,40.70722,-74.013342,224.6348180383102
H07,Rockaway,Beach 60 St,Q,Manhattan,Far Rockaway,2.50485945198E11,1.6863944485E10,1217,874,246,40.592374,-73.788522,122.66071774639377
625,Lexington Av,96 St,M,Uptown & The Bronx,Downtown,1.65347120326E11,5.4839758765E10,1815,2925,1191,40.785672,-73.95107,151.4094208890819
D14,Queens Blvd,7 Av,M,Uptown & The Bronx - Queens,Downtown & Brooklyn,1.969845764714E12,8.72419767986E11,1616,3551,2190,40.762862,-73.981637,227.38438286396575
J30,Jamaica,Gates Av,Bk,Jamaica,Manhattan,2.4735069122E10,1.5128760144E10,10598,4465,2009,40.68963,-73.92227,102.23216068128444
255,Eastern Pky,Pennsylvania Av,Bk,Manhattan,New Lots,5.0377566117E10,1.9407416968E10,3069,3041,3045,40.664635,-73.894895,96.9735864544446
G31,Crosstown,Flushing Av,Bk,Queens,Church Av,1.215429175E10,1.2096318511E10,1220,1710,1625,40.700377,-73.950234,99.88869153456831
612,Pelham,Whitlock Av,Bx,Pelham Bay Park,Manhattan,7.1814236081E10,2.7923663223E10,1408,2007,1787,40.826525,-73.886283,89.94257401996157
124,Broadway - 7Av,66 St-Lincoln Center,M,Uptown & The Bronx,Downtown,4.44505520296E11,1.88671299025E11,2438,3361,1552,40.77344,-73.982209,226.49932563888385
416,Jerome Av,138 St-Grand Concourse,Bx,Woodlawn - Eastchester Dyre Av,Manhattan,1.71989494513E12,1.661222040393E12,1449,1799,2145,40.813224,-73.929849,110.81445958388764
411,Jerome Av,Mt Eden Av,Bx,Woodlawn,Manhattan,2.1803950077E10,1.6100927498E10,3398,2682,1982,40.844434,-73.914685,89.04397640907362
A03,8th Av - Fulton St,Dyckman St,M,207 St,Downtown & Brooklyn,4.1994764953E10,1.849207777E9,2406,3050,3132,40.865491,-73.927271,89.95146513872983
J13,Jamaica,111 St,Q,Jamaica,Manhattan,2.7676840763E10,2.6753306073E10,677,1354,712,40.697418,-73.836345,92.29612104476453
101,Broadway - 7Av,Van Cortlandt Park-242 St,Bx,,Manhattan,3.7649385873E10,1.2984410527E10,655,1215,2389,40.889248,-73.898583,91.835899908823
501,Dyre Av,Eastchester-Dyre Av,Bx,,Manhattan,1.094341262102E12,1.096776281978E12,762,1085,961,40.8883,-73.830834,97.80888558845825
N09,Sea Beach,Avenue U,Bk,Manhattan,Coney Island,3.2123064047E10,2.9691593186E10,515,1014,249,40.597473,-73.979137,126.84905239932031
122,Broadway - 7Av,79 St,M,Uptown & The Bronx,Downtown,1.16864139328E11,6.5250126078E10,1931,3638,1541,40.783934,-73.979917,225.4414478463897
502,Dyre Av,Baychester Av,Bx,Eastchester - Dyre Av,Manhattan,2.3838424978E10,2.678608941E9,130,448,99,40.878663,-73.838591,97.80888558845825
201,Lenox - White Plains Rd,Wakefield-241 St,Bx,,Manhattan,2.7206971672E10,2.8753894784E10,3855,2395,3866,40.903125,-73.85062,91.65733435850215
615,Pelham,E 149 St,Bx,Pelham Bay Park,Manhattan,2.9887299398E10,3.2655121604E10,2900,3844,3250,40.812118,-73.904098,103.33016411809605
F18,6th Av - Culver,York St,Bk,Manhattan,Coney Island,5.4486097272E10,5.1577567542E10,607,1341,584,40.701397,-73.986751,176.11642674974587
F33,6th Av - Culver,Avenue N,Bk,Manhattan,Coney Island,4.6187826364E10,1.6198205672E10,247,824,570,40.61514,-73.974197,127.04102973179741
103,Broadway - 7Av,238 St,Bx,242 St,Manhattan,3.4383205378E10,1.701925898E9,895,2074,732,40.884667,-73.90087,91.835899908823
R18,Broadway - Brighton,28 St,M,Uptown & Queens,Downtown & Brooklyn,4.0183520438E10,5.4452586495E10,3182,4376,3312,40.745494,-73.988691,226.1683075625337
D03,Concourse,Bedford Park Blvd,Bx,Norwood - 205 St,Manhattan,8.5182355669E10,3.5179070657E10,723,2104,514,40.873244,-73.887138,91.65733435850215
632,Lexington Av,33 St,M,Uptown & The Bronx,Downtown,2.39715825543E11,1.36943362769E11,2254,4121,798,40.746081,-73.982076,229.00779993109904
250,Eastern Pky,Crown Hts-Utica Av,Bk,Manhattan,New Lots,3.8142794375E11,1.67499098693E11,7231,5702,9867,40.668897,-73.932942,107.80526855805552
D26,Broadway - Brighton,Prospect Park,Bk,Manhattan & Franklin Av,Brighton Beach & Coney Island,6.5492884112E10,6.2767902053E10,1331,1969,1636,40.661614,-73.962246,119.82545958452934
L29,Canarsie,Canarsie-Rockaway Pkwy,Bk,Manhattan,,2.25752690665E11,3.8649777811E10,481,1086,323,40.646654,-73.90185,96.04409900767463
L21,Canarsie,Bushwick Av-Aberdeen St,Bk,Manhattan,Canarsie - Rockaway Parkway,7.058467837E9,6.960457142E9,617,976,308,40.682829,-73.905249,98.3229389094687
A61,Liberty Av,Rockaway Blvd,Q,Manhattan,Lefferts - Rockaways,2.15561080738E11,3.8907712562E10,3181,2005,1984,40.680429,-73.843853,104.20494284000134
R42,4th Av,Bay Ridge Av,Bk,Manhattan,95 St,5.1779252361E10,2.7385291579E10,1142,2492,484,40.634967,-74.023377,120.72768913877793
A60,Liberty Av,88 St,Q,Manhattan,Lefferts - Rockaways,2.283725805E10,2.2146211814E10,666,1075,605,40.679843,-73.85147,101.92072297134263
247,Nostrand,Flatbush Av-Brooklyn College,Bk,Manhattan,,1.137863047912E12,8.55160572808E11,3923,4615,3542,40.632836,-73.947642,108.13162493421905
G08,Queens Blvd,Forest Hills-71 Av,Q,Jamaica,Manhattan,7.47442778965E11,6.61164540517E11,1518,2539,1884,40.721691,-73.844521,109.6356759322137
D35,Broadway - Brighton,Kings Hwy,Bk,Manhattan,Brighton Beach & Coney Island,1.11010828534E11,9.0388528904E10,1871,2439,1027,40.60867,-73.957734,106.847062523267
208,Lenox - White Plains Rd,Gun Hill Rd,Bx,Wakefield - 241 St,Manhattan,2.4165145084E10,2.3089776279E10,1863,2564,3837,40.87785,-73.866256,91.65733435850215
209,Lenox - White Plains Rd,Burke Av,Bx,Wakefield - 241 St,Manhattan,1.1935697532E10,5.13980339E9,2048,2570,1271,40.871356,-73.867164,91.65733435850215
128,Broadway - 7Av,34 St-Penn Station,M,Uptown & The Bronx,Downtown & Brooklyn,2.70006868345E11,1.9525218181E11,45155,39684,14605,40.750373,-73.991057,227.08866252776303
J23,Jamaica,Van Siclen Av,Bk,Jamaica,Manhattan,2.1591451339E10,2.1331153321E10,1713,1908,1153,40.678024,-73.891688,97.60116490196214
L16,Canarsie,DeKalb Av,Bk,Manhattan,Canarsie - Rockaway Parkway,5.0338461459E10,2.5498340345E10,2469,2535,1983,40.703811,-73.918425,96.36834718649206
R34,4th Av,Prospect Av,Bk,Manhattan,Bay Ridge - 95 St,1.0276942531E10,3.9375510129E10,696,1210,428,40.665414,-73.992872,143.60240724262454
246,Nostrand,Newkirk Av - Little Haiti,Bk,Manhattan,Flatbush,7.082391935E10,3.4796444595E10,2722,2813,2864,40.639967,-73.948411,103.39299882944557
R15,Broadway - Brighton,49 St,M,Uptown & Queens,Downtown & Brooklyn,1.32140760109E11,1.70290804815E11,5055,6500,14854,40.759901,-73.984139,230.21005976126162
A31,8th Av - Fulton St,14 St,M,Uptown - Queens,Downtown & Brooklyn,7.15485584706E11,2.26303900706E11,4185,5641,2547,40.740893,-74.00169,237.8322443317827
218,Lenox - White Plains Rd,Intervale Av,Bx,Wakefield - Eastchester,Manhattan,2.1816463285E10,1.7530750513E10,3245,4589,4016,40.822181,-73.896736,90.12113957028242
119,Broadway - 7Av,103 St,M,Uptown & The Bronx,Downtown,1.16455457325E11,6.1074907743E10,2215,5355,2484,40.799446,-73.968379,177.34262808750725
631,Lexington Av,Grand Central-42 St,M,Uptown & The Bronx,Downtown & Brooklyn,4.16017591248E11,2.68429971561E11,5453,5531,1882,40.751776,-73.976848,230.27967125154035
M04,Myrtle Av,Fresh Pond Rd,Q,Manhattan,Metropolitan Av,4.486482371E10,2.3244020975E10,575,1402,680,40.706186,-73.895877,94.0973772023305
J31,Jamaica,Kosciuszko St,Bk,Jamaica,Manhattan,2.3030750987E10,1.4351557309E10,2707,3228,3268,40.693342,-73.928814,93.63295528099852
A07,8th Av - Fulton St,175 St,M,207 St,Downtown & Brooklyn,3.34489846356E11,5.9159871489E10,3581,3006,2785,40.847391,-73.939704,90.1788985182244
A20,8th Av - Fulton St,86 St,M,Uptown & The Bronx,Downtown & Brooklyn,2.20394608644E11,8.7056012242E10,358,1037,294,40.785868,-73.968916,229.6543368824802
706,Flushing,103 St-Corona Plaza,Q,Flushing,Manhattan,1.28675188212E11,1.16983501384E11,6549,4480,17700,40.749865,-73.8627,99.83202051358192
J19,Jamaica,Cypress Hills,Bk,Jamaica,Manhattan,1.0233724436E10,6.300884972E9,537,1030,343,40.689941,-73.87255,95.26648038227391
F16,6th Av - Culver,East Broadway,M,Uptown & Queens,Brooklyn,2.12805934577E11,6.1366303006E10,3553,4520,1878,40.713715,-73.990173,187.09857961741324
604,Pelham,Westchester Sq-E Tremont Av,Bx,Pelham Bay Park,Manhattan,4.0068772523E10,3.7726278412E10,602,1398,1631,40.839892,-73.842952,93.02191810191586
F02,Queens Blvd,169 St,Q,179 St,Manhattan,4.0383561381E10,4.6616246622E10,2291,2046,1843,40.71047,-73.793604,104.16699769256442
D41,Broadway - Brighton,Ocean Pkwy,Bk,Manhattan,Stillwell Av,2.62795567136E11,2.0278420376E10,813,1940,600,40.576312,-73.968501,124.74115460025169
639,Lexington Av,Canal St,M,Uptown & The Bronx,Downtown,4.15781810604E11,1.51142530085E11,10095,8706,3856,40.718803,-74.000193,221.4395353350593
110,Broadway - 7Av,191 St,M,Uptown & The Bronx,Downtown,3.3312343379E10,3.6643929953E10,3822,4399,7087,40.855225,-73.929412,89.95146513872983
613,Pelham,Hunts Point Av,Bx,Pelham Bay Park,Manhattan,4.7052419876E10,2.6884403973E10,5984,6572,7559,40.820948,-73.890549,90.12113957028242
R30,Broadway - Brighton,DeKalb Av,Bk,Manhattan,Coney Island - Bay Ridge,3.59163613598E11,7.8201301647E10,4079,5531,1556,40.690635,-73.981824,172.49551891762474
R05,Astoria,Broadway,Q,Astoria - Ditmars Blvd,Manhattan,9.3216068878E10,3.3328609633E10,1232,1962,1204,40.76182,-73.925508,105.47405446929697
F07,Queens Blvd,75 Av,Q,Jamaica,Manhattan,2.18521834151E11,2.448120543E9,1031,949,110,40.718331,-73.837324,110.59501877135526
F01,Queens Blvd,Jamaica-179 St,Q,,Manhattan,2.736788202515E12,7.19869933874E11,1531,1874,1093,40.712646,-73.783817,108.32552791049851
A28,8th Av - Fulton St,34 St-Penn Station,M,Uptown - Queens,Downtown & Brooklyn,1.246297471441E12,4.94987479787E11,22090,12041,5343,40.752287,-73.993391,227.08866252776303
618,Pelham,Brook Av,Bx,Pelham Bay Park,Manhattan,3.4508469782E10,4.0940077053E10,6335,6694,8414,40.807566,-73.91924,108.79974280083549
H09,Rockaway,Beach 36 St,Q,Manhattan,Far Rockaway,6.998456809E9,7.009723334E9,484,330,296,40.595398,-73.768175,122.66071774639377
A06,8th Av - Fulton St,181 St,M,207 St,Downtown & Brooklyn,9.283133949E10,7.831462441E10,1275,2180,563,40.851695,-73.937969,90.1788985182244
233,Eastern Pky,Hoyt St,Bk,Manhattan,Flatbush - New Lots,2.2024083483E10,1.3692275591E10,6994,11926,1328,40.690545,-73.985065,174.1668697151841
114,Broadway - 7Av,145 St,M,Uptown & The Bronx,Downtown,7.3338067962E10,3.842648715E10,6123,7301,7994,40.826551,-73.95036,112.90972542876528
226,Lenox - White Plains Rd,116 St,M,Uptown & The Bronx,Downtown & Brooklyn,4.6451968249E10,2.4564968765E10,6062,7450,3751,40.802098,-73.949625,141.20183933911284
634,Lexington Av,23 St,M,Uptown & The Bronx,Downtown,3.22836328141E11,3.82287973465E11,2201,3764,989,40.739864,-73.986599,227.1633795201231
R11,Astoria,Lexington Av/59 St,M,Queens,Downtown & Brooklyn,7.9053401996E10,9.4031973197E10,8669,9719,1692,40.76266,-73.967258,232.5182073787973
D30,Broadway - Brighton,Cortelyou Rd,Bk,Manhattan,Brighton Beach & Coney Island,5.0568352077E10,2.6381710737E10,849,1839,706,40.640927,-73.963891,114.10317885485112
A42,8th Av - Fulton St,Hoyt-Schermerhorn Sts,Bk,Manhattan - Church Av,Euclid Av & Queens - Court Sq,6.4063866416E10,6.4770907763E10,4579,4276,1579,40.688484,-73.985001,172.9176071910525
G29,Crosstown,Metropolitan Av,Bk,Queens,Church Av,7.8095896174E10,4.7789025981E10,562,1385,1312,40.712792,-73.951418,149.86512910039949
408,Jerome Av,183 St,Bx,Woodlawn,Manhattan,3.602994591398E12,3.762034880305E12,6948,6429,5970,40.858407,-73.903879,86.18232283217456
F15,6th Av - Culver,Delancey St-Essex St,M,Uptown & Queens,Downtown & Brooklyn,1.110812189819E12,7.4031410292E11,6131,7095,12366,40.718611,-73.988114,197.6588027244701
245,Nostrand,Beverly Rd,Bk,Manhattan,Flatbush,4.1930650413E10,1.8186186611E10,1166,1998,1112,40.645098,-73.948959,103.39299882944557
H13,Rockaway,Beach 98 St,Q,Manhattan,Rockaway Park,8.108750328E9,9.154934076E9,767,1363,599,40.585307,-73.820558,122.66071774639377
623,Lexington Av,110 St,M,Uptown & The Bronx,Downtown,5.6349968039E10,5.3256458183E10,8310,7734,9456,40.79502,-73.94425,137.8215241920191
705,Flushing,111 St,Q,Flushing,Manhattan,8.0157356869E10,5.1517473083E10,1836,2101,3302,40.75173,-73.855334,99.83202051358192
609,Pelham,St Lawrence Av,Bx,Pelham Bay Park,Manhattan,2.000773721E10,1.4861935115E10,2170,2869,847,40.831509,-73.867618,86.00375728185372
F30,6th Av - Culver,18 Av,Bk,Manhattan,Coney Island,4.496612006E10,4.2376537469E10,482,1022,548,40.629755,-73.976971,127.04102973179741
415,Jerome Av,149 St-Grand Concourse,Bx,Woodlawn,Manhattan,3.92566768229E11,4.2136719548E10,2439,2976,1564,40.818375,-73.927351,93.48194034731077
D22,6th Av - Culver,Grand St,M,Uptown & The Bronx,Brooklyn,1.25883020906E11,1.07044720636E11,3566,3414,3692,40.718267,-73.993753,208.0387772440193
142,Broadway - 7Av,South Ferry,M,Uptown & The Bronx,,3.96419442997E11,1.33421439094E11,2369,1994,1174,40.702068,-74.013664,200.67344784101195
M19,Jamaica,Bowery,M,Brooklyn,Broad St,2.1134608609E10,2.274645581E10,2786,3010,3789,40.72028,-73.993915,215.47757947022043
G24,Crosstown,21 St,Q,Court Sq,Brooklyn,9.844395041E9,1.1305052935E10,210,707,108,40.744065,-73.949724,144.810961964453
D27,Broadway - Brighton,Parkside Av,Bk,Manhattan,Brighton Beach & Coney Island,6.2574566115E10,5.8263517705E10,3846,4895,3701,40.655292,-73.961495,119.82545958452934
M11,Jamaica,Myrtle Av,Bk,Jamaica - Middle Village,Manhattan,6.1394348265E10,6.0425537009E10,5749,4423,4892,40.697207,-73.935657,95.32990444229152
L12,Canarsie,Grand St,Bk,Manhattan,Canarsie - Rockaway Parkway,2.319568534E10,1.4095682818E10,1495,2331,1742,40.711926,-73.94067,128.17668774392246
G10,Queens Blvd,63 Dr-Rego Park,Q,Forest Hills,Manhattan,1.68089514861E11,5.7078040401E10,974,1803,1721,40.729846,-73.861604,101.28794656056641
409,Jerome Av,Burnside Av,Bx,Woodlawn,Manhattan,2.2801965066E10,1.9314917366E10,6419,6364,4171,40.853453,-73.907684,86.18232283217456
121,Broadway - 7Av,86 St,M,Uptown & The Bronx,Downtown,1.6874102816E11,1.96763060056E11,1500,3061,1419,40.788644,-73.976218,225.74598466893505
F14,6th Av - Culver,2 Av,M,Uptown & Queens,Downtown & Brooklyn,1.70912214692E11,1.97963460047E11,4751,4833,3295,40.723402,-73.989938,200.94236537478352
D08,Concourse,174-175 Sts,Bx,Bedford Pk Blvd & 205 St,Manhattan,2.4405278882E10,1.9471370196E10,4337,4644,1722,40.8459,-73.910136,89.04397640907362
107,Broadway - 7Av,215 St,M,The Bronx,Downtown,1.5871213106E10,3.4162371681E11,573,1016,459,40.869444,-73.915279,103.23122123562551
D17,6th Av - Culver,34 St-Herald Sq,M,Uptown & The Bronx - Queens,Downtown & Brooklyn,4.26311826118E11,2.88190954756E11,37659,40705,4568,40.749719,-73.987823,226.52046944869585
J16,Jamaica,85 St-Forest Pkwy,Q,Jamaica,Manhattan,3.1812656437E10,2.9333724712E10,553,1206,506,40.692435,-73.86001,95.26648038227391
A24,8th Av - Fulton St,59 St-Columbus Circle,M,Uptown & The Bronx,Downtown & Brooklyn,4.405095634187E12,3.447518974479E12,5093,5045,1404,40.768296,-73.981736,226.92449113992308
G12,Queens Blvd,Grand Av-Newtown,Q,Forest Hills,Manhattan,3.11215100166E11,4.7804291097E10,1076,1163,391,40.737015,-73.877223,99.61966149274468
D09,Concourse,170 St,Bx,Bedford Pk Blvd & 205 St,Manhattan,2.324259802298E12,4.337005053719E12,7117,6764,6598,40.839306,-73.9134,89.04397640907362
R40,4th Av,53 St,Bk,Manhattan,Bay Ridge - 95 St,5.1148726689E10,2.9176650559E10,1908,2491,1349,40.645069,-74.014034,125.24944774998923
M10,Myrtle Av,Central Av,Bk,Manhattan,Metropolitan Av,5.088310203E9,7.060193559E9,546,1468,732,40.697857,-73.927397,91.17038964224375
241,Nostrand,President Street-Medgar Evers College,Bk,Manhattan,Flatbush,2.0854844139E10,2.4104618608E10,1632,2790,1644,40.667883,-73.950683,112.57130036819404
R03,Astoria,Astoria Blvd,Q,Ditmars Blvd,Manhattan,9.4530146179E10,6.6280320941E10,1994,1599,1000,40.770258,-73.917843,119.29355409928692
D33,Broadway - Brighton,Avenue J,Bk,Manhattan,Brighton Beach & Coney Island,5.1735749123E10,3.3639860996E10,786,1055,440,40.625039,-73.960803,103.95660130611257
F32,6th Av - Culver,Bay Pkwy,Bk,Manhattan,Coney Island,9.486871988E9,5.273292258E9,82,288,264,40.620769,-73.975264,127.04102973179741
A65,Liberty Av,Ozone Park-Lefferts Blvd,Q,Manhattan,,3.6357163621E10,3.5042527063E10,1542,2359,2650,40.685951,-73.825798,103.35005365940471
F04,Queens Blvd,Sutphin Blvd,Q,179 St,Manhattan,3.1684962723E10,1.78332546E10,874,1241,1378,40.70546,-73.810708,101.50758763238674
G30,Crosstown,Broadway,Bk,Queens,Church Av,2.5773192416E10,1.918093796E10,9251,4922,12382,40.706092,-73.950308,108.19900293554534
J14,Jamaica,104 St,Q,Jamaica,Manhattan,2.71907691832E11,9.8522249821E10,837,1529,698,40.695178,-73.84433,93.09407247756194
A34,8th Av - Fulton St,Canal St,M,Uptown - Queens,Downtown & Brooklyn,1.22400231513E11,1.05835335098E11,13519,4939,1972,40.720824,-74.005229,320.202084986443
413,Jerome Av,167 St,Bx,Woodlawn,Manhattan,5.0337976529E10,3.5525107763E10,4272,3739,3019,40.835537,-73.9214,89.4245697400775
204,Lenox - White Plains Rd,Nereid Av,Bx,Wakefield - 241 St,Manhattan,2.4597863182E10,1.020259799E10,1541,2320,1620,40.898379,-73.854376,91.65733435850215
248,Eastern Pky,Nostrand Av,Bk,Manhattan,New Lots,4.3997621455E10,4.6948022412E10,1902,3180,2109,40.669847,-73.950466,112.57130036819404
503,Dyre Av,Gun Hill Rd,Bx,Eastchester - Dyre Av,Manhattan,2.8752628107E10,1.3162879029E10,1351,1147,680,40.869526,-73.846384,97.80888558845825
J22,Jamaica,Cleveland St,Bk,Jamaica,Manhattan,9.56929064E9,9.54200675E9,1614,2236,1936,40.679947,-73.884639,101.92072297134263
A46,8th Av - Fulton St,Nostrand Av,Bk,Manhattan,Euclid - Lefferts - Rockaways,9.544207333E10,9.3382214295E10,7185,5852,8532,40.680438,-73.950426,113.67036724502549
L14,Canarsie,Morgan Av,Bk,Manhattan,Canarsie - Rockaway Parkway,4.0256229752E10,2.4555010956E10,1215,1257,2462,40.706152,-73.933147,101.25321724589388
F39,6th Av - Culver,Neptune Av,Bk,Manhattan,Stillwell Av,1.1179033539E10,4.693680358E9,205,671,99,40.581011,-73.974574,127.04102973179741
707,Flushing,Junction Blvd,Q,Flushing,Manhattan,7.5201356382E10,1.01627808312E11,4345,2992,10390,40.749145,-73.869527,99.83202051358192
S18,Staten Island,Eltingville,SI,St George,Tottenville,1.3482742E7,5.0905402E7,293,447,346,40.544601,-74.16457,120.72768913877793
407,Jerome Av,Fordham Rd,Bx,Woodlawn,Manhattan,2.40437716711E11,6.1408092392E10,7987,7290,8429,40.862803,-73.901034,86.18232283217456
A48,8th Av - Fulton St,Utica Av,Bk,Manhattan,Euclid - Lefferts - Rockaways,7.5393583989E10,5.7686526444E10,5882,4554,3791,40.679364,-73.930729,108.06894014631116
619,Pelham,3 Av-138 St,Bx,Pelham Bay Park,Manhattan,2.92538268E10,2.6970748277E10,24400,10473,27140,40.810476,-73.926138,109.06459708757255
A32,8th Av - Fulton St,W 4 St-Wash Sq,M,Uptown - Queens,Downtown & Brooklyn,5.14364532634E11,2.33544013465E11,8515,6327,4569,40.732338,-74.000495,238.97312521748623
631,Lexington Av,Grand Central-42 St,M,Uptown & The Bronx,Downtown & Brooklyn,3.193383851259E12,6.54915111149E11,5453,5531,1882,40.751776,-73.976848,230.27967125154035
R44,4th Av,86 St,Bk,Manhattan,95 St,8.4879305056E10,6.8583145666E10,3696,5504,978,40.622687,-74.028398,120.72768913877793
R34,4th Av,Prospect Av,Bk,Manhattan,Bay Ridge - 95 St,4.1052399003E10,1.1804704856E10,696,1210,428,40.665414,-73.992872,143.60240724262454
A41,8th Av - Fulton St,Jay St-MetroTech,Bk,Manhattan,Euclid - Lefferts - Rockaways - Coney Island,2.019527951E11,7.71601552986E11,10049,7353,2064,40.692338,-73.987342,173.58155270619628
S03,Franklin Shuttle,Park Pl,Bk,Franklin Av,Prospect Park,2.0757425495E10,2.2704956709E10,815,1727,1403,40.674772,-73.957624,114.35477619085007
R13,Astoria,5 Av/59 St,M,Queens,Downtown & Brooklyn,1.02308133022E11,8.4983926928E10,2534,3769,1821,40.764811,-73.973347,228.11909639570268
B13,West End,Fort Hamilton Pkwy,Bk,Manhattan,Coney Island,6.627076837E9,9.644640345E9,594,1208,657,40.640914,-73.994304,121.00788136425834
N08,Sea Beach,Kings Hwy,Bk,Manhattan,Coney Island,3.588492056E10,2.6135348174E10,383,886,319,40.603923,-73.980353,126.84905239932031
A30,8th Av - Fulton St,23 St,M,Uptown - Queens,Downtown & Brooklyn,2.59134025298E11,8.906906859E10,3778,5535,1388,40.745906,-73.998041,237.8322443317827
A64,Liberty Av,111 St,Q,Manhattan,Lefferts Blvd,1.5021289845E10,1.006112624E10,681,1539,1286,40.684331,-73.832163,103.35005365940471
R36,4th Av,36 St,Bk,Manhattan,Coney Island - Bay Ridge,5.714626262E10,3.5417597456E10,1816,1848,1701,40.655144,-74.003549,132.41970432739737
D39,Broadway - Brighton,Sheepshead Bay,Bk,Manhattan,Brighton Beach & Coney Island,6.7738676576E10,6.2649162452E10,1688,2304,871,40.586896,-73.954155,107.34854120886703
G20,Queens Blvd,36 St,Q,Forest Hills,Manhattan,2.33163397667E11,1.1482056268E10,451,644,467,40.752039,-73.928781,105.80008724130266
D13,Concourse,145 St,M,Uptown & The Bronx,Downtown & Brooklyn,1.86300028625E11,1.86449494891E11,6721,4314,2767,40.824783,-73.944216,105.60920915792454
A19,8th Av - Fulton St,96 St,M,Uptown & The Bronx,Downtown & Brooklyn,3.03988867917E11,3.9617877162E10,669,1354,230,40.791642,-73.964696,229.97489830028292
401,Jerome Av,Woodlawn,Bx,,Manhattan,4.7182059969E10,2.0321588479E10,3024,1765,1779,40.886037,-73.878751,91.65733435850215
G34,Crosstown,Classon Av,Bk,Queens,Church Av,2.4194702719E10,2.4226516318E10,7175,6318,8729,40.688873,-73.96007,116.78917060984077
A49,8th Av - Fulton St,Ralph Av,Bk,Manhattan,Euclid Av,3.6687526475E10,3.1659156603E10,3197,2917,1781,40.678822,-73.920786,103.68324537756214
639,Lexington Av,Canal St,M,Uptown & The Bronx,Downtown,5.2561824832E10,2.8784708934E10,10095,8706,3856,40.718803,-74.000193,221.4395353350593
M22,Jamaica,Fulton St,M,Brooklyn,Broad St,4.988522423362E12,2.784563621555E12,1957,4775,739,40.710374,-74.007582,236.40069249546121
H06,Rockaway,Beach 67 St,Q,Manhattan,Far Rockaway,1.6342481104E10,1.5976162992E10,1132,876,266,40.590927,-73.796924,122.66071774639377
H15,Rockaway,Rockaway Park-Beach 116 St,Q,Manhattan,,2.09499934405E11,2.0851564634E10,384,576,452,40.580903,-73.835592,122.66071774639377
230,Clark St,Wall St,M,Uptown & The Bronx,Brooklyn,2.25434495098E11,2.05860797334E11,749,2760,153,40.706821,-74.0091,224.6348180383102
M09,Myrtle Av,Knickerbocker Av,Bk,Manhattan,Metropolitan Av,1.3337599288E10,1.1978250361E10,2733,5196,12829,40.698664,-73.919711,88.1751790089335
504,Dyre Av,Pelham Pkwy,Bx,Eastchester - Dyre Av,Manhattan,9.052436119E9,1.126470821E10,117,340,58,40.858985,-73.855359,86.00375728185372
H03,Rockaway,Howard Beach-JFK Airport,Q,Manhattan,Rockaways,1.2874603898E10,2.927480523E9,747,437,136,40.660476,-73.830301,103.08257068456238
R35,4th Av,25 St,Bk,Manhattan,Bay Ridge - 95 St,1.9148641792E10,6.867334613E9,1001,1298,442,40.660397,-73.998091,132.458050009475
L19,Canarsie,Halsey St,Q,Manhattan,Canarsie - Rockaway Parkway,1.93811612713E11,9.8227830585E10,1872,1403,962,40.695602,-73.904084,87.28946663220026
637,Lexington Av,Bleecker St,M,Uptown & The Bronx,Downtown,4.4518813371E10,1.6711235189E10,3444,5079,1046,40.725915,-73.994659,215.20943593671655
R08,Astoria,39 Av-Dutch Kills,Q,Astoria - Ditmars Blvd,Manhattan,1.0873151219E10,1.1646779223E10,378,977,512,40.752882,-73.932755,112.59400705083408
M14,Jamaica,Hewes St,Bk,Jamaica - Middle Village,Manhattan,1.5115986964E10,5.680758198E9,1046,1817,2233,40.70687,-73.953431,111.94174559216447
J29,Jamaica,Halsey St,Bk,Jamaica,Manhattan,2.764805809E10,1.2455607514E10,4735,3487,2084,40.68637,-73.916559,101.98653156924345
J21,Jamaica,Norwood Av,Bk,Jamaica,Manhattan,1.5006093922E10,1.7246529712E10,1998,2572,2298,40.68141,-73.880039,101.92072297134263
120,Broadway - 7Av,96 St,M,Uptown & The Bronx,Downtown & Brooklyn,5.20304143116E11,9.86492394366E11,5476,6678,3629,40.793919,-73.972323,229.6543368824802
L27,Canarsie,New Lots Av,Bk,Manhattan,Canarsie - Rockaway Parkway,2.3043851019E10,3.4738123061E10,1892,1471,829,40.658733,-73.899232,96.9735864544446
B14,West End,50 St,Bk,Manhattan,Coney Island,2.123177838E10,2.1492675531E10,277,867,605,40.63626,-73.994791,121.00788136425834
406,Jerome Av,Kingsbridge Rd,Bx,Woodlawn,Manhattan,7.1569244364E10,4.6236522249E10,4237,4657,6065,40.86776,-73.897174,86.18232283217456
R20,Broadway - Brighton,14 St-Union Sq,M,Uptown & Queens,Downtown & Brooklyn,1.634240636861E12,8.61414251207E11,13511,16160,7454,40.735736,-73.990568,226.1683075625337
M13,Jamaica,Lorimer St,Bk,Jamaica - Middle Village,Manhattan,2.2770155555E10,1.5935627101E10,1123,1386,633,40.703869,-73.947408,104.16432518809852
G21,Queens Blvd,Queens Plaza,Q,Forest Hills - Jamaica,Manhattan,7.7709051057E10,5.643202388E10,852,998,295,40.748973,-73.937243,111.99368464657582
126,Broadway - 7Av,50 St,M,Uptown & The Bronx,Downtown,1.45038145318E11,1.53982124644E11,3833,6272,9838,40.761728,-73.983849,230.21005976126162
207,Lenox - White Plains Rd,219 St,Bx,Wakefield - 241 St,Manhattan,1.5969222915E10,1.0916122914E10,2384,2431,3162,40.883895,-73.862633,91.65733435850215
A63,Liberty Av,104 St,Q,Manhattan,Lefferts Blvd,1.0092876019E10,9.266696304E9,687,1451,1127,40.681711,-73.837683,104.20494284000134
617,Pelham,Cypress Av,Bx,Pelham Bay Park,Manhattan,1.5677070417E10,1.6368897146E10,3404,2902,3133,40.805368,-73.914042,105.24919415240312
B19,West End,18 Av,Bk,Manhattan,Coney Island,3.6496980144E10,2.7192677448E10,959,1814,728,40.607954,-74.001736,114.80319149475561
640,Lexington Av,Brooklyn Bridge-City Hall,M,Uptown & The Bronx,Downtown & Brooklyn,5.043985138789E12,5.573901340127E12,3832,1894,1231,40.713065,-74.004131,273.9634064509146
A55,8th Av - Fulton St,Euclid Av,Bk,Manhattan,Lefferts - Rockaways,2.052841364023E12,2.25067345885E11,3449,3485,3642,40.675377,-73.872106,101.19894896383603
714,Flushing,46 St-Bliss St,Q,Flushing,Manhattan,1.11355093184E11,7.6297442303E10,1394,2732,1600,40.743132,-73.918435,103.73834639232113
G22,Crosstown,Court Sq,Q,,Brooklyn,2.5078424899E10,2.2985529763E10,253,871,210,40.746554,-73.943832,130.91390958320588
621,Lexington Av,125 St,M,The Bronx,Downtown & Brooklyn,1.173632367167E12,5.38978538693E11,28673,18162,24573,40.804138,-73.937594,120.9465803566625
B08,63rd St,Lexington Av/63 St,M,Uptown - Queens,Downtown & Brooklyn,5.5447258749E10,6.0192739957E10,604,1862,756,40.764629,-73.966113,232.5182073787973
405,Jerome Av,Bedford Park Blvd-Lehman College,Bx,Woodlawn,Manhattan,1.645167699E10,3.2114541645E10,141,431,140,40.873412,-73.890064,91.65733435850215
A22,8th Av - Fulton St,72 St,M,Uptown & The Bronx,Downtown & Brooklyn,1.02575647064E11,6.4831447916E10,514,1290,587,40.775594,-73.97641,227.23403917062078
N04,Sea Beach,New Utrecht Av,Bk,Manhattan,Coney Island,4.0497570569E10,3.5235900455E10,422,720,397,40.624842,-73.996353,119.88948031133576
R32,4th Av,Union St,Bk,Manhattan,Bay Ridge - 95 St,3.7338810746E10,5.2285532193E10,852,1743,550,40.677316,-73.98311,166.82894826378416
108,Broadway - 7Av,207 St,M,Uptown & The Bronx,Downtown,2.8851327936E11,1.8206496699E10,4202,3313,3833,40.864621,-73.918822,89.20495411228875
A44,8th Av - Fulton St,Clinton-Washington Avs,Bk,Manhattan,Euclid Av,2.06637030575E11,2.8874018418E10,2070,2334,1068,40.683263,-73.965838,175.05178301304167
F31,6th Av - Culver,Avenue I,Bk,Manhattan,Coney Island,1.8507107748E10,1.145016815353E12,665,1307,151,40.625322,-73.976127,127.04102973179741
721,Flushing,Vernon Blvd-Jackson Av,Q,Flushing,Manhattan,5.2434749045E10,3.3531317427E10,9490,6743,8406,40.742626,-73.953581,150.24456518971056
A54,8th Av - Fulton St,Shepherd Av,Bk,Manhattan,Euclid Av,3.0363185266E10,2.7513298655E10,2082,2080,1331,40.67413,-73.88075,101.19894896383603
G13,Queens Blvd,Elmhurst Av,Q,Forest Hills,Manhattan,6.65829665657E11,1.384726586825E12,1651,1954,2660,40.742454,-73.882017,99.61966149274468
A51,8th Av - Fulton St,Broadway Junction,Bk,Manhattan,Euclid - Lefferts - Rockaways,1.08560416363E11,1.01575452645E11,6069,4352,3141,40.678334,-73.905316,97.60116490196214
233,Eastern Pky,Hoyt St,Bk,Manhattan,Flatbush - New Lots,1.5549617523E10,3.3138363659E10,6994,11926,1328,40.690545,-73.985065,174.1668697151841
237,Eastern Pky,Grand Army Plaza,Bk,Manhattan,Flatbush - New Lots,3.6081885157E10,2.2023644036E10,492,1479,792,40.675235,-73.971046,172.75579442379671
113,Broadway - 7Av,157 St,M,Uptown & The Bronx,Downtown,5.2959421798E10,3.5570159009E10,3949,3860,5890,40.834041,-73.94489,99.78116269792025
F05,Queens Blvd,Briarwood,Q,Jamaica,Manhattan,2.2296671543E10,1.4733850458E10,1386,696,281,40.709179,-73.820574,104.16699769256442
243,Nostrand,Winthrop St,Bk,Manhattan,Flatbush,5.627307804E10,1.0131510846E10,2180,2467,684,40.656652,-73.9502,112.01851202639618
H01,Rockaway,Aqueduct Racetrack,Q,Manhattan,Rockaways,1.00894644114E11,3.3319197861E10,32,108,30,40.672097,-73.835919,103.40837872677508
D19,6th Av - Culver,14 St,M,Uptown & Queens,Downtown & Brooklyn,6.02724214964E11,3.81495842154E11,3000,4276,1001,40.738228,-73.996209,232.753748593122
725,Flushing,Times Sq-42 St,M,Queens,34 St - Hudson Yards,9.3602037094E10,1.0880862346E11,11199,12406,14342,40.755477,-73.987691,226.52046944869585
211,Lenox - White Plains Rd,Pelham Pkwy,Bx,Wakefield - 241 St,Manhattan,1.93654910305E11,9.038068319E9,323,821,348,40.857192,-73.867615,86.00375728185372
G15,Queens Blvd,65 St,Q,Forest Hills,Manhattan,2.356078652E10,2.4424151312E10,758,1174,1494,40.749669,-73.898453,99.74293630843088
D42,Broadway - Brighton,W 8 St-NY Aquarium,Bk,Manhattan,Stillwell Av,2.0575270488E10,2.2877204671E10,4405,7983,26025,40.576127,-73.975939,127.04102973179741
B20,West End,20 Av,Bk,Manhattan,Coney Island,2.6016886112E10,2.7633803385E10,853,2019,934,40.604556,-73.998168,114.80319149475561
A45,8th Av - Fulton St,Franklin Av,Bk,Manhattan,Euclid Av,2.173186921253E12,1.343962943807E12,4295,3633,4841,40.68138,-73.956848,117.3704552918416
639,Lexington Av,Canal St,M,Uptown & The Bronx,Downtown,3.48375809509E11,3.96053270441E11,10095,8706,3856,40.718803,-74.000193,221.4395353350593
L13,Canarsie,Montrose Av,Bk,Manhattan,Canarsie - Rockaway Parkway,1.8419408284E10,1.4614025065E10,1038,1674,2709,40.707739,-73.93985,111.45535650626603
L24,Canarsie,Atlantic Av,Bk,Manhattan,Canarsie - Rockaway Parkway,2.704573098E9,1.080575111E9,2783,2261,1041,40.675345,-73.903097,97.60116490196214
F34,6th Av - Culver,Avenue P,Bk,Manhattan,Coney Island,2.9305165443E10,2.4186304397E10,416,1069,510,40.608944,-73.973022,124.74115460025169
227,Lenox - White Plains Rd,Central Park North (110 St),M,Uptown & The Bronx,Downtown & Brooklyn,1.26214855198E11,4.8865611499E10,6742,5798,4113,40.799075,-73.951822,141.12832950127327
302,Lenox - White Plains Rd,145 St,M,148 St,Downtown & Brooklyn,1.9977036942E10,2.020002973E9,4166,3870,5274,40.820421,-73.936245,94.09052576300513
L20,Canarsie,Wilson Av,Bk,Manhattan,Canarsie - Rockaway Parkway,2.4604703672E10,2.2195960654E10,960,642,272,40.688764,-73.904046,96.62622510115003
A50,8th Av - Fulton St,Rockaway Av,Bk,Manhattan,Euclid Av,9.60886906654E11,6.0323979327E10,3553,3301,2001,40.67834,-73.911946,97.72842854941614
B12,West End,9 Av,Bk,Manhattan,Coney Island,1.80438269986E11,4.5466064356E10,309,760,614,40.646292,-73.994324,121.00788136425834
402,Jerome Av,Mosholu Pkwy,Bx,Woodlawn,Manhattan,5.34501664E10,2.6313500033E10,1900,2623,2091,40.87975,-73.884655,91.65733435850215
B10,6th Av - Culver,57 St,M,Uptown & Queens,Downtown & Brooklyn,1.08087959889E11,9.6159060957E10,1843,4222,899,40.763972,-73.97745,228.11909639570268
F26,6th Av - Culver,Fort Hamilton Pkwy,Bk,Manhattan - Queens,Church Av - Coney Island,1.6663192997E10,6.394208653E9,245,520,165,40.650782,-73.975776,127.57588451623971
H04,Rockaway,Broad Channel,Q,Manhattan,Rockaways,3.290798281E9,1.138912471E9,1057,493,420,40.608382,-73.815925,122.66071774639377
A57,Liberty Av,Grant Av,Bk,Manhattan,Lefferts - Rockaways,5.4546021916E10,4.5438981509E10,1428,1682,1118,40.677044,-73.86505,101.19894896383603
252,Eastern Pky,Saratoga Av,Bk,Manhattan,New Lots,5.1688593594E10,3.7859092825E10,3291,2652,2898,40.661453,-73.916327,101.97715883714991
628,Lexington Av,68 St-Hunter College,M,Uptown & The Bronx,Downtown,2.21718982614E11,1.91598461153E11,8639,4367,12855,40.768141,-73.96387,195.85934126219948
F29,6th Av - Culver,Ditmas Av,Bk,Manhattan,Coney Island,1.517966457E10,1.3461030546E10,417,945,505,40.636119,-73.978172,127.3839071837626
J12,Jamaica,121 St,Q,Jamaica,Manhattan,1.3344121878E10,1.2211036335E10,457,892,564,40.700492,-73.828294,92.29612104476453
724,Flushing,5 Av,M,Queens,34 St - Hudson Yards,1.067086537847E12,8.97730531215E11,1428,2214,1293,40.753821,-73.981963,229.54495771980342
R06,Astoria,36 Av,Q,Astoria - Ditmars Blvd,Manhattan,5.1068288636E10,4.8231657499E10,740,1437,951,40.756804,-73.929575,106.72065106344635
R39,4th Av,45 St,Bk,Manhattan,Bay Ridge - 95 St,2.7491526439E10,2.8812283482E10,1275,1616,1142,40.648939,-74.010006,125.24944774998923
701,Flushing,Flushing-Main St,Q,,Manhattan,3.50975386598E11,3.49557511356E11,8136,9642,4321,40.7596,-73.83003,103.42464404428263
301,Lenox - White Plains Rd,Harlem-148 St,M,,Downtown & Brooklyn,1.5204339313E10,1.0514442586E10,1071,1949,1036,40.82388,-73.93647,94.09052576300513
M16,Jamaica,Marcy Av,Bk,Jamaica - Middle Village,Manhattan,8.8912853515E10,9.51839992814E11,3508,3224,4860,40.708359,-73.957757,138.45188894820592
B21,West End,Bay Pkwy,Bk,Manhattan,Coney Island,5.6542164627E10,5.7399343473E10,918,2326,969,40.601875,-73.993728,119.88948031133576
118,Broadway - 7Av,Cathedral Pkwy (110 St),M,Uptown & The Bronx,Downtown,7.8487371241E10,3.5014604379E10,3022,5147,2285,40.803967,-73.966847,160.54060600919783
M06,Myrtle Av,Seneca Av,Q,Manhattan,Metropolitan Av,7.782527202E9,9.194538541E9,1103,2308,1666,40.702762,-73.90774,85.2781429052627
F24,6th Av - Culver,7 Av,Bk,Manhattan - Queens,Church Av - Coney Island,7.2167355463E10,2.037197903E10,696,966,272,40.666271,-73.980305,162.34662939493523
225,Lenox - White Plains Rd,125 St,M,Uptown & The Bronx,Downtown & Brooklyn,2.03477837907E12,8.59870379288E11,13891,13567,8342,40.807754,-73.945495,135.62357656438735
624,Lexington Av,103 St,M,Uptown & The Bronx,Downtown,6.756794511E10,8.1043569137E10,14767,8995,24108,40.7906,-73.947478,146.76251464714727
212,Lenox - White Plains Rd,Bronx Park East,Bx,Wakefield - 241 St,Manhattan,1.123886054E10,6.25505117E9,1015,1642,808,40.848828,-73.868457,86.00375728185372
419,Lexington Av,Wall St,M,Uptown & The Bronx,Downtown & Brooklyn,7.74701516828E11,1.27076914353E11,1207,2721,2550,40.707557,-74.011862,224.6348180383102
D43,Sea Beach / West End / Culver / Brighton,Coney Island-Stillwell Av,Bk,Manhattan,,1.48158795925E11,6.7436759026E10,1008,1767,843,40.577422,-73.981233,126.5387509429027
H10,Rockaway,Beach 25 St,Q,Manhattan,Far Rockaway,1.1976241938E10,1.3394561348E10,1324,1290,781,40.600066,-73.761353,119.35245297097181
M05,Myrtle Av,Forest Av,Q,Manhattan,Metropolitan Av,1.917502656E10,1.9077262331E10,774,1389,1624,40.704423,-73.903077,94.0973772023305
231,Clark St,Clark St,Bk,Manhattan,Flatbush - New Lots,4.9726235239E10,5.1695157063E10,399,1300,190,40.697466,-73.993086,179.423401018828
G07,Queens - Archer,Jamaica-Van Wyck,Q,Jamaica Center,Manhattan,2.4271450968E10,2.2425128327E10,392,622,514,40.702566,-73.816859,92.29612104476453
R14,Broadway - Brighton,57 St-7 Av,M,Uptown & Queens,Downtown & Brooklyn,2.69169144454E11,1.5734215062E11,1713,3204,867,40.764664,-73.980658,227.81455957315734
133,Broadway - 7Av,Christopher St-Sheridan Sq,M,Uptown & The Bronx,Downtown,3.487064702215E12,1.34135315153E12,4042,6276,5181,40.733422,-74.002906,271.59276101351156
D12,Concourse,155 St,M,The Bronx,Downtown & Brooklyn,3.1436011973E10,2.2507756954E10,5025,7475,5560,40.830135,-73.938209,90.1788985182244
D06,Concourse,182-183 Sts,Bx,Bedford Pk Blvd & 205 St,Manhattan,4.6706965929E10,2.929143231E10,5468,6417,4232,40.856093,-73.900741,86.18232283217456
F27,6th Av - Culver,Church Av,Bk,Manhattan,Coney Island,2.19168112847E11,8.1550130132E10,601,1588,903,40.644041,-73.979678,127.3839071837626
F06,Queens Blvd,Kew Gardens-Union Tpke,Q,Jamaica,Manhattan,1.53493010381E11,1.3102346923E11,2593,1600,1709,40.714441,-73.831008,108.32552791049851
R01,Astoria,Astoria-Ditmars Blvd,Q,,Manhattan,4.8301616614E10,4.9211442273E10,511,1179,504,40.775036,-73.912034,114.08175904239509
607,Pelham,Castle Hill Av,Bx,Pelham Bay Park,Manhattan,3.8602216274E10,2.3157334353E10,1844,2385,1518,40.834255,-73.851222,86.00375728185372
F03,Queens Blvd,Parsons Blvd,Q,179 St,Manhattan,4.0893662435E10,4.3221920464E10,2040,1859,2396,40.707564,-73.803326,101.50758763238674
B23,West End,Bay 50 St,Bk,Manhattan,Coney Island,2.437498999E10,2.1244854759E10,594,813,293,40.588841,-73.983765,127.98451119688875
622,Lexington Av,116 St,M,Uptown & The Bronx,Downtown,9.3351856768E10,7.1960825235E10,11844,8399,7566,40.798629,-73.941617,131.02180849898596
420,Lexington Av,Bowling Green,M,Uptown & The Bronx,Brooklyn,8.1491060282E11,1.378612427778E12,1706,2565,775,40.704817,-74.014065,224.6348180383102
109,Broadway - 7Av,Dyckman St,M,Uptown & The Bronx,Downtown,9.851525611E9,1.4600105563E10,2457,2238,2813,40.860531,-73.925536,89.4245697400775
205,Lenox - White Plains Rd,233 St,Bx,Wakefield - 241 St,Manhattan,2.9639589305E10,9.586569791E9,2257,3345,3164,40.893193,-73.857473,91.65733435850215
601,Pelham,Pelham Bay Park,Bx,,Manhattan,3.63598121386E11,4.7501130133E10,418,1287,436,40.852462,-73.828121,93.02191810191586
611,Pelham,Elder Av,Bx,Pelham Bay Park,Manhattan,3.3045811716E11,2.3660957783E10,5120,5130,4507,40.828584,-73.879159,89.94257401996157
R35,4th Av,25 St,Bk,Manhattan,Bay Ridge - 95 St,1.0316299335E10,2.6919241115E10,1001,1298,442,40.660397,-73.998091,132.458050009475
D18,6th Av - Culver,23 St,M,Uptown & Queens,Downtown & Brooklyn,2.5654443995E10,1.983649878E10,2968,5979,2197,40.742878,-73.992821,228.14321968830302
F25,6th Av - Culver,15 St-Prospect Park,Bk,Manhattan - Queens,Church Av - Coney Island,3.3743659686E10,1.5840194245E10,382,654,425,40.660365,-73.979493,145.83960444734146
709,Flushing,82 St-Jackson Hts,Q,Flushing,Manhattan,3.6906308854E10,3.4249662586E10,6114,5617,13570,40.747659,-73.883697,99.83202051358192
249,Eastern Pky,Kingston Av,Bk,Manhattan,New Lots,5.4664380535E10,4.7149065163E10,1012,2388,718,40.669399,-73.942161,107.79796224784612
256,Eastern Pky,Van Siclen Av,Bk,Manhattan,New Lots,3.4174146144E10,1.8131007341E10,2534,2522,1112,40.665449,-73.889395,100.5713705163185
A16,8th Av - Fulton St,116 St,M,Uptown & The Bronx,Downtown & Brooklyn,3.6866827883E10,4.4586118907E10,4069,4794,2153,40.805085,-73.954882,138.42350133349055
D37,Broadway - Brighton,Avenue U,Bk,Manhattan,Brighton Beach & Coney Island,3.6607115151E10,3.1650695688E10,557,1065,411,40.5993,-73.955929,106.847062523267
M23,Jamaica,Broad St,M,Brooklyn,,3.7882386986E10,2.4059386949E10,1214,4224,311,40.706476,-74.011056,224.6348180383102
A14,8th Av - Fulton St,135 St,M,Uptown & The Bronx,Downtown & Brooklyn,8.2992538028E10,2.4498371654E10,1998,2325,1387,40.817894,-73.947649,111.0792297635841
D05,Concourse,Fordham Rd,Bx,Bedford Pk Blvd & 205 St,Manhattan,4.8636315192E10,2.2780707983E10,8007,6984,8469,40.861296,-73.897749,86.18232283217456
A11,8th Av - Fulton St,155 St,M,Uptown,Downtown & Brooklyn,2.3543703594E10,2.1054073344E10,2049,3026,914,40.830518,-73.941514,94.6658982867062
L15,Canarsie,Jefferson St,Bk,Manhattan,Canarsie - Rockaway Parkway,3.1809459351E10,1.9663161321E10,1460,1531,1475,40.706607,-73.922913,96.83574724861037
B04,63rd St,21 St-Queensbridge,Q,Jamaica,Manhattan,5.8155823601E10,5.5975419761E10,3665,3336,4042,40.754203,-73.942836,131.65108267998187
L25,Canarsie,Sutter Av,Bk,Manhattan,Canarsie - Rockaway Parkway,3.6435910128E10,3.7239761609E10,2800,1369,954,40.669367,-73.901975,97.52637479624245
F38,6th Av - Culver,Avenue X,Bk,Manhattan,Coney Island,2.1177561299E10,2.1300714892E10,285,561,178,40.58962,-73.97425,127.04102973179741
G35,Crosstown,Clinton-Washington Avs,Bk,Queens,Church Av,3.5610363857E10,8.307576243E9,510,1343,351,40.688089,-73.966839,186.834201361836
F35,6th Av - Culver,Kings Hwy,Bk,Manhattan,Coney Island,2.6544736376E10,2.9821719368E10,544,1158,1303,40.603217,-73.972361,124.74115460025169
G11,Queens Blvd,Woodhaven Blvd,Q,Forest Hills,Manhattan,1.15906392686E11,7.8345326976E10,1938,1417,801,40.733106,-73.869229,100.84505613975561
G19,Queens Blvd,Steinway St,Q,Forest Hills,Manhattan,8.3044928821E10,6.2864038411E10,1566,2377,1852,40.756879,-73.92074,104.98799005668819
A43,8th Av - Fulton St,Lafayette Av,Bk,Manhattan,Euclid Av,3.1001824608E10,1.6957437083E10,999,2041,1064,40.686113,-73.973946,171.48171875923367
A53,8th Av - Fulton St,Van Siclen Av,Bk,Manhattan,Euclid Av,2.3458680565E10,2.5074377898E10,4457,3822,3485,40.67271,-73.890358,101.12415885811635
N06,Sea Beach,20 Av,Bk,Manhattan,Coney Island,2.5483714416E10,2.3632739518E10,349,713,185,40.61741,-73.985026,127.98451119688875
713,Flushing,52 St,Q,Flushing,Manhattan,3.02710749659E11,6.9155953336E10,565,1252,891,40.744149,-73.912549,100.8221695136647
626,Lexington Av,86 St,M,Uptown & The Bronx,Downtown & Brooklyn,2.234325886893E12,4.15810470687E12,5261,8127,1645,40.779492,-73.955589,160.10271178224562
217,Lenox - White Plains Rd,Simpson St,Bx,Wakefield - Eastchester,Manhattan,7.2155736766E10,2.3936266704E10,9974,5003,6427,40.824073,-73.893064,90.12113957028242
G28,Crosstown,Nassau Av,Bk,Queens,Church Av,2.20118713631E11,5.7337328186E10,709,1466,1278,40.724635,-73.951277,146.32461134688202
219,Lenox - White Plains Rd,Prospect Av,Bx,Wakefield - Eastchester,Manhattan,4.2351282212E10,1.1283199386E10,6049,4603,2417,40.819585,-73.90177,90.12113957028242
J24,Jamaica,Alabama Av,Bk,Jamaica,Manhattan,1.4060527355E10,1.5577597983E10,1647,1809,957,40.676992,-73.898654,97.60116490196214
128,Broadway - 7Av,34 St-Penn Station,M,Uptown & The Bronx,Downtown & Brooklyn,4.24953658107E11,1.4502260195E11,45155,39684,14605,40.750373,-73.991057,227.08866252776303
A21,8th Av - Fulton St,81 St-Museum of Natural History,M,Uptown & The Bronx,Downtown & Brooklyn,8.5255417539E10,7.479308541E10,447,702,1201,40.781433,-73.972143,231.14239138416593
A18,8th Av - Fulton St,103 St,M,Uptown & The Bronx,Downtown & Brooklyn,4.5164516893E10,4.1406029477E10,784,1744,478,40.796092,-73.961454,153.94283229662696
H08,Rockaway,Beach 44 St,Q,Manhattan,Far Rockaway,4.30314528E9,5.856885866E9,393,505,95,40.592943,-73.776013,122.66071774639377
123,Broadway - 7Av,72 St,M,Uptown & The Bronx,Downtown & Brooklyn,1.952270010074E12,2.539465984865E12,3697,6515,2982,40.778453,-73.98197,226.49932563888385
D10,Concourse,167 St,Bx,Bedford Pk Blvd & 205 St,Manhattan,5.6667843943E10,3.3798654808E10,4028,4257,3902,40.833771,-73.91844,89.20495411228875
L26,Canarsie,Livonia Av,Bk,Manhattan,Canarsie - Rockaway Parkway,1.9897170786E10,1.6273122152E10,2255,1438,767,40.664038,-73.900571,96.9735864544446
S31,Staten Island,St George,SI,,Tottenville,4.7440264802E10,1.205750447E9,16,39,14,40.643748,-74.073643,125.24944774998923
L08,Canarsie,Bedford Av,Bk,Manhattan,Canarsie - Rockaway Parkway,2.93577418182E11,3.7934891899E11,1295,2481,2699,40.717304,-73.956872,159.96937892653898
238,Eastern Pky,Eastern Pkwy-Brooklyn Museum,Bk,Manhattan,Flatbush - New Lots,4.2971766784E10,4.1605166984E10,776,1746,724,40.671987,-73.964375,162.66228166293828
720,Flushing,Hunters Point Av,Q,Flushing,Manhattan,1.441124108258E12,6.01603053149E11,108,279,100,40.742216,-73.948916,144.810961964453
F36,6th Av - Culver,Avenue U,Bk,Manhattan,Coney Island,3.58993942877E11,5.152847628E10,332,773,362,40.596063,-73.973357,127.04102973179741
636,Lexington Av,Astor Pl,M,Uptown & The Bronx,Downtown,8.9897632635E10,4.8360341174E10,2655,4874,1511,40.730054,-73.99107,203.68436580588204
D28,Broadway - Brighton,Church Av,Bk,Manhattan,Brighton Beach & Coney Island,1.25073401197E11,1.33540238146E11,3789,4085,7118,40.650527,-73.962982,114.10317885485112
L05,Canarsie,3 Av,M,8 Av,Brooklyn,2.914552972E10,3.2538944998E10,1633,3392,1513,40.732849,-73.986122,223.8998539187558
A05,8th Av - Fulton St,190 St,M,207 St,Downtown & Brooklyn,3.1990684653E10,1.9090459102E10,313,720,641,40.859022,-73.93418,90.5772377483703
215,Lenox - White Plains Rd,174 St,Bx,Wakefield - Eastchester,Manhattan,4.6715224081E10,1.7364350015E11,6009,4627,3966,40.837288,-73.887734,86.00375728185372
F20,6th Av - Culver,Bergen St,Bk,Manhattan - Queens,Church Av - Coney Island,6.3573679555E10,4.034084058E10,1243,2289,736,40.686145,-73.990862,173.15985766182388
702,Flushing,Mets-Willets Point,Q,Flushing,Manhattan,8.9479246751E10,2.9097879132E10,1927,1320,6532,40.754622,-73.845625,102.86016344427298
112,Broadway - 7Av,168 St-Washington Hts,M,Uptown & The Bronx,Downtown,2.19807652617E11,1.02054874542E11,5778,4641,3394,40.840556,-73.940133,90.1788985182244
725,Flushing,Times Sq-42 St,M,Queens,34 St - Hudson Yards,3.697545906933E12,5.445914142777E12,11199,12406,14342,40.755477,-73.987691,226.52046944869585
R19,Broadway - Brighton,23 St,M,Uptown & Queens,Downtown & Brooklyn,9.841134786E10,5.6335582043E10,762,2620,1477,40.741303,-73.989344,226.1683075625337
N02,Sea Beach,8 Av,Bk,Manhattan,Coney Island,1.75291956972E11,5.2356001845E10,742,1371,1343,40.635064,-74.011719,120.72768913877793
D11,Concourse,161 St-Yankee Stadium,Bx,Bedford Pk Blvd & 205 St,Manhattan,1.27361641796E11,1.00014347957E11,11088,5260,4504,40.827905,-73.925651,92.76884833349567
602,Pelham,Buhre Av,Bx,Pelham Bay Park,Manhattan,3.964805854E9,2.115887552E9,652,1703,697,40.84681,-73.832569,93.02191810191586
213,Lenox - White Plains Rd,E 180 St,Bx,Wakefield - Eastchester,Manhattan,4.7883959132E10,3.8986392531E10,3973,2096,847,40.841894,-73.873488,86.00375728185372
136,Broadway - 7Av,Franklin St,M,Uptown & The Bronx,Downtown,3.8166152489E10,2.5090306735E10,8498,5449,3115,40.719318,-74.006886,320.202084986443
220,Lenox - White Plains Rd,Jackson Av,Bx,Wakefield - Eastchester,Manhattan,2.3425404766E10,6.548820371E9,4812,6008,4962,40.81649,-73.907807,90.12113957028242
614,Pelham,Longwood Av,Bx,Pelham Bay Park,Manhattan,2.8017117548E10,2.6084407912E10,16934,6359,13283,40.816104,-73.896435,90.12113957028242
A25,8th Av - Fulton St,50 St,M,Uptown - Queens,Downtown & Brooklyn,1.21269063355E11,8.9091824265E10,3404,5313,1944,40.762456,-73.985984,225.96442422943258
712,Flushing,Woodside-61 St,Q,Flushing,Manhattan,1.00546518973E11,9.209996421E10,963,2012,2250,40.74563,-73.902984,99.53057728759364
130,Broadway - 7Av,23 St,M,Uptown & The Bronx,Downtown,6.1486422419E10,8.0355902954E10,1507,4401,1579,40.744081,-73.995657,232.753748593122
A15,8th Av - Fulton St,125 St,M,Uptown & The Bronx,Downtown & Brooklyn,8.18630912353E11,6.85810553114E11,13000,9759,7092,40.811109,-73.952343,138.16567514287325
R21,Broadway - Brighton,8 St-NYU,M,Uptown & Queens,Downtown & Brooklyn,2.64969020697E11,5.5654763617E10,2320,5343,770,40.730328,-73.992629,203.68436580588204
A40,8th Av - Fulton St,High St,Bk,Manhattan,Euclid - Lefferts - Rockaways,5.5998576994E10,6.5244202217E10,1475,664,183,40.699337,-73.990531,176.2434658813328
224,Lenox - White Plains Rd,135 St,M,Uptown & The Bronx,Downtown & Brooklyn,6.3433966929E10,3.011755273E10,5641,4962,3319,40.814229,-73.94077,127.49612711364415
F21,6th Av - Culver,Carroll St,Bk,Manhattan - Queens,Church Av - Coney Island,7.5905472074E10,4.7359021638E10,818,1365,1340,40.680303,-73.995048,179.29421897965693
633,Lexington Av,28 St,M,Uptown & The Bronx,Downtown,6.16250900125E11,7.75773326471E11,4743,3804,1269,40.74307,-73.984264,230.8718572632477
G14,Queens Blvd,Jackson Hts-Roosevelt Av,Q,Forest Hills - Jamaica,Manhattan,1.385354956576E12,1.019986375028E12,6382,4144,7024,40.746644,-73.891338,99.53057728759364
228,Clark St,Park Place,M,Uptown & The Bronx,Downtown & Brooklyn,1.393234131814E12,5.71111327423E11,1475,4195,979,40.713051,-74.008811,336.7726107724553
137,Broadway - 7Av,Chambers St,M,Uptown & The Bronx,Downtown & Brooklyn,1.625048003534E12,1.334749653979E12,2012,2615,551,40.715478,-74.009266,346.4048478964558
B22,West End,25 Av,Bk,Manhattan,Coney Island,4.957941868E9,2.310358957E9,494,1471,284,40.597704,-73.986829,127.3991941879009
R11,Astoria,Lexington Av/59 St,M,Queens,Downtown & Brooklyn,1.15872267615E11,1.24581667013E11,8669,9719,1692,40.76266,-73.967258,232.5182073787973
H11,Rockaway,Far Rockaway-Mott Av,Q,Manhattan,,1.2880924683E10,1.5311768061E10,3588,2546,2961,40.603995,-73.755405,119.35245297097181
G05,Queens - Archer,Jamaica Center-Parsons/Archer,Q,,Manhattan,2.05329757745E11,1.85622741072E11,13905,4286,6454,40.702147,-73.801109,92.29612104476453
D34,Broadway - Brighton,Avenue M,Bk,Manhattan,Brighton Beach & Coney Island,2.33524465295E11,2.4396876293E10,645,1114,775,40.617618,-73.959399,103.95660130611257
S30,Staten Island,Tompkinsville,SI,St George,Tottenville,1.6801460065E10,5.171222158E9,865,1075,2858,40.636949,-74.074835,125.24944774998923
716,Flushing,33 St-Rawson St,Q,Flushing,Manhattan,6.5385193212E10,6.9433419405E10,518,1074,476,40.744587,-73.930997,105.58772822046544
505,Dyre Av,Morris Park,Bx,Eastchester - Dyre Av,Manhattan,1.1117120569E10,5.684716085E9,216,875,76,40.854364,-73.860495,86.00375728185372
D25,Broadway - Brighton,7 Av,Bk,Manhattan,Brighton Beach & Coney Island,2.860797456104E12,2.62657674359E12,586,1544,923,40.67705,-73.972367,172.75579442379671
206,Lenox - White Plains Rd,225 St,Bx,Wakefield - 241 St,Manhattan,2.3947684848E10,1.4772375318E10,3080,3041,4059,40.888022,-73.860341,91.65733435850215
129,Broadway - 7Av,28 St,M,Uptown & The Bronx,Downtown,4.8326884814E10,7.41157201349E11,2188,5794,2332,40.747215,-73.993365,227.08866252776303
242,Nostrand,Sterling St,Bk,Manhattan,Flatbush,3.9959324889E10,2.9082522245E10,1963,3161,1729,40.662742,-73.95085,112.01851202639618
412,Jerome Av,170 St,Bx,Woodlawn,Manhattan,2.7775254927E10,2.0494661439E10,5840,5288,4513,40.840075,-73.917791,89.20495411228875
S04,Franklin Shuttle,Botanic Garden,Bk,Franklin Av,Prospect Park,9.997534418E9,3.88309983E9,3529,3506,2548,40.670343,-73.959245,110.42428128206738
D29,Broadway - Brighton,Beverley Rd,Bk,Manhattan,Brighton Beach & Coney Island,2.3259695506E10,2.563996056E10,543,1080,383,40.644031,-73.964492,133.40389973660095
G06,Queens - Archer,Sutphin Blvd-Archer Av-JFK Airport,Q,Jamaica Center,Manhattan,2.77143996739E11,1.3558776869E11,8156,3595,4881,40.700486,-73.807969,92.29612104476453
D15,6th Av - Culver,47-50 Sts-Rockefeller Ctr,M,Uptown & The Bronx - Queens,Downtown & Brooklyn,3.52359562127E11,3.20595332347E11,2684,3998,2614,40.758663,-73.981329,228.98891250054018
A41,8th Av - Fulton St,Jay St-MetroTech,Bk,Manhattan,Euclid - Lefferts - Rockaways - Coney Island,3.5820392307E10,2.9561628848E10,10049,7353,2064,40.692338,-73.987342,173.58155270619628
616,Pelham,E 143 St-St Mary's St,Bx,Pelham Bay Park,Manhattan,8.370678935E9,9.581496E9,327,819,248,40.808719,-73.907657,103.33016411809605
228,Clark St,Park Place,M,Uptown & The Bronx,Downtown & Brooklyn,6.20282148955E11,4.43236158889E11,1475,4195,979,40.713051,-74.008811,336.7726107724553
N10,Sea Beach,86 St,Bk,Manhattan,Coney Island,2.1259034784E10,1.3109070299E10,907,1036,919,40.592721,-73.97823,126.84905239932031
106,Broadway - 7Av,Marble Hill-225 St,M,242 St,Downtown,1.0134315912E10,1.548481925E9,1444,3188,1445,40.874561,-73.909831,103.07024353241039
N05,Sea Beach,18 Av,Bk,Manhattan,Coney Island,4.0095785654E10,3.9622391585E10,530,1381,252,40.620671,-73.990414,126.27536848100819
117,Broadway - 7Av,116 St-Columbia University,M,Uptown & The Bronx,Downtown,9.7658670459E10,3.6752142042E10,561,1194,571,40.807722,-73.96411,145.1737100865818
G18,Queens Blvd,46 St,Q,Forest Hills,Manhattan,7.5154892448E10,5.4234382204E10,1237,1501,872,40.756312,-73.913333,102.07181317803179
116,Broadway - 7Av,125 St,M,Uptown & The Bronx,Downtown,2.4105470401E10,2.758248849E10,4888,6106,4623,40.815581,-73.958372,139.39943314253094
253,Eastern Pky,Rockaway Av,Bk,Manhattan,New Lots,3.7313336026E10,3.5771572096E10,5323,5320,6190,40.662549,-73.908946,97.1008501018986
R11,Astoria,Lexington Av/59 St,M,Queens,Downtown & Brooklyn,2.35305257363E11,2.204867185E11,8669,9719,1692,40.76266,-73.967258,232.5182073787973
214,Lenox - White Plains Rd,West Farms Sq-E Tremont Av,Bx,Wakefield - Eastchester,Manhattan,2.40181671446E11,6.486607135E10,4437,3457,2345,40.840295,-73.880049,86.00375728185372
A59,Liberty Av,80 St,Q,Manhattan,Lefferts - Rockaways,3.1252978051E10,2.7693441653E10,1837,1366,642,40.679371,-73.858992,101.92072297134263
D01,Concourse,Norwood-205 St,Bx,,Manhattan,3.9776505126E10,3.6444758874E10,1900,3378,1243,40.874811,-73.878855,91.65733435850215
210,Lenox - White Plains Rd,Allerton Av,Bx,Wakefield - 241 St,Manhattan,1.1755735613E10,5.41677229E9,3660,4251,3124,40.865462,-73.867352,86.00375728185372
610,Pelham,Morrison Av-Soundview,Bx,Pelham Bay Park,Manhattan,1.0953896554E10,7.386178993E9,5178,5133,4255,40.829521,-73.874516,89.94257401996157
N07,Sea Beach,Bay Pkwy,Bk,Manhattan,Coney Island,1.72328226366E11,3.9892381374E10,417,1428,350,40.611815,-73.981848,126.5387509429027
251,Eastern Pky,Sutter Av-Rutland Rd,Bk,Manhattan,New Lots,4.8450150018E10,2.8741795098E10,3625,3487,2044,40.664717,-73.92261,102.2227879491909
D38,Broadway - Brighton,Neck Rd,Bk,Manhattan,Brighton Beach & Coney Island,2.15834305555E11,3.119172554E9,288,568,164,40.595246,-73.955161,107.34854120886703
M22,Jamaica,Fulton St,M,Brooklyn,Broad St,3.96133333974E12,7.12490061939E11,1957,4775,739,40.710374,-74.007582,236.40069249546121
104,Broadway - 7Av,231 St,Bx,242 St,Manhattan,1.18343499418E11,1.3138969255E10,1570,3545,1390,40.878856,-73.904834,91.835899908823
R28,Broadway,Court St,Bk,Manhattan,Bay Ridge - 95 St,4.31452577704E11,1.43641166204E11,634,3013,202,40.6941,-73.991777,175.236137935851
H14,Rockaway,Beach 105 St,Q,Manhattan,Rockaway Park,2.015291939E9,2.962804228E9,213,458,143,40.583209,-73.827559,122.66071774639377
135,Broadway - 7Av,Canal St,M,Uptown & The Bronx,Downtown,3.2200577022E10,2.8379138527E10,2409,1306,16207,40.722854,-74.006277,275.6595756214152
G33,Crosstown,Bedford-Nostrand Avs,Bk,Queens,Church Av,2.04982531768E11,3.1811091975E10,1928,1982,1273,40.689627,-73.953522,116.1625728730131
F22,6th Av - Culver,Smith-9 Sts,Bk,Manhattan - Queens,Church Av - Coney Island,1.8071600309E10,1.3422838876E10,102,185,34,40.67358,-73.995959,154.7219502645297
D17,6th Av - Culver,34 St-Herald Sq,M,Uptown & The Bronx - Queens,Downtown & Brooklyn,3.034008171273E12,4.004890364733E12,37659,40705,4568,40.749719,-73.987823,226.52046944869585
234,Eastern Pky,Nevins St,Bk,Manhattan,Flatbush - Utica - New Lots,4.4561828389E10,4.4744956443E10,4067,4640,1611,40.688246,-73.980492,172.60973461897305
R43,4th Av,77 St,Bk,Manhattan,95 St,4.5301978954E10,2.9978147985E10,408,1068,182,40.629742,-74.02551,120.72768913877793
A02,8th Av - Fulton St,Inwood-207 St,M,,Downtown & Brooklyn,3.59666628379E11,2.6994479211E10,2235,2849,2242,40.868072,-73.919899,89.20495411228875
A17,8th Av - Fulton St,Cathedral Pkwy (110 St),M,Uptown & The Bronx,Downtown & Brooklyn,1.49891793028E11,5.1374039307E10,3044,2979,1778,40.800603,-73.958161,142.32539184825544
F11,Queens Blvd,Lexington Av/53 St,M,Queens,Downtown & Brooklyn,1.74966104696E11,2.10303696229E11,1943,4249,6213,40.757552,-73.969055,234.18802346508554
221,Lenox - White Plains Rd,3 Av-149 St,Bx,Wakefield - Eastchester,Manhattan,9.4687425153E10,6.9944004179E10,15019,10983,9954,40.816109,-73.917757,92.71794713105322
R24,Broadway,City Hall,M,Uptown & Queens,Downtown & Brooklyn,2.93595999329E11,5.1870506291E10,1273,3376,440,40.713282,-74.006978,273.9634064509146
B15,West End,55 St,Bk,Manhattan,Coney Island,1.9059564801E10,1.5338077935E10,242,715,289,40.631435,-73.995476,119.88948031133576
A45,8th Av - Fulton St,Franklin Av,Bk,Manhattan,Euclid Av,1.02538835559E11,1.01563270447E11,4295,3633,4841,40.68138,-73.956848,117.3704552918416
L28,Canarsie,East 105 St,Bk,Manhattan,Canarsie - Rockaway Parkway,3.6683022632E10,3.4258019567E10,1135,392,153,40.650573,-73.899485,96.04409900767463
254,Eastern Pky,Junius St,Bk,Manhattan,New Lots,2.2912307767E10,1.5431644656E10,2461,2514,3738,40.663515,-73.902447,96.9735864544446
131,Broadway - 7Av,18 St,M,Uptown & The Bronx,Downtown,3.6597550803E10,2.1670492643E10,1179,3500,1176,40.74104,-73.997871,237.8322443317827
D07,Concourse,Tremont Av,Bx,Bedford Pk Blvd & 205 St,Manhattan,8.51155340614E11,1.316363269559E12,5285,5704,3193,40.85041,-73.905227,86.18232283217456
D04,Concourse,Kingsbridge Rd,Bx,Bedford Pk Blvd & 205 St,Manhattan,3.287990439E10,2.7179628915E10,5488,5221,3064,40.866978,-73.893509,86.18232283217456
134,Broadway - 7Av,Houston St,M,Uptown & The Bronx,Downtown,7.7285465068E10,9.9919615555E10,693,2018,525,40.728251,-74.005367,270.8680066362131
410,Jerome Av,176 St,Bx,Woodlawn,Manhattan,4.794586156E10,1.5693980107E10,4017,3756,2485,40.84848,-73.911794,89.04397640907362
R04,Astoria,30 Av,Q,Astoria - Ditmars Blvd,Manhattan,4.7206223932E10,5.941525351E10,998,2071,1077,40.766779,-73.921479,119.21513791188605
725,Flushing,Times Sq-42 St,M,Queens,34 St - Hudson Yards,4.521532580046E12,3.641397907941E12,11199,12406,14342,40.755477,-73.987691,226.52046944869585
257,Eastern Pky,New Lots Av,Bk,Manhattan,,5.7155364867E10,3.6634695001E10,3066,2865,2397,40.666235,-73.884079,101.12415885811635
420,Lexington Av,Bowling Green,M,Uptown & The Bronx,Brooklyn,2.32108548046E11,9.8903419027E10,1706,2565,775,40.704817,-74.014065,224.6348180383102
638,Lexington Av,Spring St,M,Uptown & The Bronx,Downtown,5.3224023414E10,6.5157777812E10,1161,2931,1102,40.722301,-73.997141,215.47757947022043
139,Broadway - 7Av,Rector St,M,Uptown & The Bronx,Downtown,1.38872332451E11,1.49367231696E11,689,2606,851,40.707513,-74.013783,224.6348180383102
236,Eastern Pky,Bergen St,Bk,Manhattan,Flatbush - New Lots,3.074464351E10,2.4578000799E10,6605,3923,19555,40.680829,-73.975098,170.71560586699587
L11,Canarsie,Graham Av,Bk,Manhattan,Canarsie - Rockaway Parkway,4.8801309728E10,3.1983993401E10,909,1254,723,40.714565,-73.944053,133.70734906228546
631,Lexington Av,Grand Central-42 St,M,Uptown & The Bronx,Downtown & Brooklyn,1.99368136591E11,1.90633989876E11,5453,5531,1882,40.751776,-73.976848,230.27967125154035
627,Lexington Av,77 St,M,Uptown & The Bronx,Downtown,2.793998374186E12,4.26021565439E11,871,2210,853,40.77362,-73.959874,180.14967400211847
L17,Canarsie,Myrtle-Wyckoff Avs,Bk,Manhattan,Canarsie - Rockaway Parkway,9.0557102677E10,6.6483533983E10,5476,4991,3789,40.699814,-73.911586,85.40540655271673
724,Flushing,5 Av,M,Queens,34 St - Hudson Yards,3.80656102564E11,3.68967631303E11,1428,2214,1293,40.753821,-73.981963,229.54495771980342
608,Pelham,Parkchester,Bx,Pelham Bay Park,Manhattan,3.7959284253E10,4.0686457623E10,1185,1996,632,40.833226,-73.860816,86.00375728185372
A47,8th Av - Fulton St,Kingston-Throop Avs,Bk,Manhattan,Euclid Av,4.4020006045E10,4.0521838682E10,4447,4367,5702,40.679921,-73.940858,109.07888757130317
D19,6th Av - Culver,14 St,M,Uptown & Queens,Downtown & Brooklyn,3.14816473793E11,1.30239940753E11,3000,4276,1001,40.738228,-73.996209,232.753748593122
715,Flushing,40 St-Lowery St,Q,Flushing,Manhattan,1.03132817657E11,8.5453248308E10,714,2314,576,40.743781,-73.924016,103.65993020492024
G09,Queens Blvd,67 Av,Q,Forest Hills,Manhattan,7.0599386444E10,4.9934571434E10,562,1549,414,40.726523,-73.852719,101.28794656056641
235,Eastern Pky,Atlantic Av-Barclays Ctr,Bk,Manhattan,Flatbush - New Lots,2.968706005825E12,3.482492391943E12,7944,9405,4097,40.684359,-73.977666,171.28974142675656
718,Flushing,Queensboro Plaza,Q,Astoria - Flushing,Manhattan,6.4127104874E10,2.386918433E10,1937,2130,1220,40.750582,-73.940202,117.3695708158904
216,Lenox - White Plains Rd,Freeman St,Bx,Wakefield - Eastchester,Manhattan,2.3492948021E10,2.8198372136E10,2889,2954,1187,40.829993,-73.891865,86.18232283217456
R22,Broadway - Brighton,Prince St,M,Uptown & Queens,Downtown & Brooklyn,1.00115385564E11,6.5471471047E10,7198,9826,1712,40.724329,-73.997702,224.44845740261113
J15,Jamaica,Woodhaven Blvd,Q,Jamaica,Manhattan,7.1331940846E10,2.6958063183E10,843,1287,832,40.693879,-73.851576,90.27957496801575
D32,Broadway - Brighton,Avenue H,Bk,Manhattan,Brighton Beach & Coney Island,1.2063043099E10,1.0960281219E10,424,814,401,40.62927,-73.961639,123.93450782572057
F23,6th Av - Culver,4 Av-9 St,Bk,Manhattan - Queens,Church Av - Coney Island,5.25780131011E11,6.40578674588E11,953,1068,597,40.670272,-73.989779,158.9238980815668
H02,Rockaway,Aqueduct-N Conduit Av,Q,Manhattan,Rockaways,8.05812162E9,8.687492166E9,289,331,154,40.668234,-73.834058,103.40837872677508
